service,serviceId,methodId,method,registered,table,symbol,referenceCount,references,category,group,note
"sync","1","0","sync_media","true","同步方法","同步媒体","1","entry/src/main/ets/backend/同步服务.ts:112","有生产方法引用","","存在 Service/生产源码中的 RPC 编号引用；不单凭引用宣称 UI/JIDE 完整接入，详见主报告。"
"sync","1","1","abort_media_sync","true","同步方法","中止媒体同步","1","entry/src/main/ets/backend/同步服务.ts:140","有生产方法引用","","存在 Service/生产源码中的 RPC 编号引用；不单凭引用宣称 UI/JIDE 完整接入，详见主报告。"
"sync","1","2","media_sync_status","true","同步方法","媒体同步状态","1","entry/src/main/ets/backend/同步服务.ts:121","有生产方法引用","","存在 Service/生产源码中的 RPC 编号引用；不单凭引用宣称 UI/JIDE 完整接入，详见主报告。"
"sync","1","3","sync_login","true","同步方法","同步登录","1","entry/src/main/ets/backend/同步服务.ts:66","有生产方法引用","","存在 Service/生产源码中的 RPC 编号引用；不单凭引用宣称 UI/JIDE 完整接入，详见主报告。"
"sync","1","4","sync_status","true","同步方法","同步状态","1","entry/src/main/ets/backend/同步服务.ts:76","已有相关替代","","当前同步会话直接 SyncCollection 判断是否有变化/全量冲突，未使用独立前置状态检查。"
"sync","1","5","sync_collection","true","同步方法","同步集合","1","entry/src/main/ets/backend/同步服务.ts:90","有生产方法引用","","存在 Service/生产源码中的 RPC 编号引用；不单凭引用宣称 UI/JIDE 完整接入，详见主报告。"
"sync","1","6","full_upload_or_download","true","同步方法","全量上传或下载","1","entry/src/main/ets/backend/同步服务.ts:103","有生产方法引用","","存在 Service/生产源码中的 RPC 编号引用；不单凭引用宣称 UI/JIDE 完整接入，详见主报告。"
"sync","1","7","abort_sync","true","同步方法","中止同步","1","entry/src/main/ets/backend/同步服务.ts:131","有生产方法引用","","存在 Service/生产源码中的 RPC 编号引用；不单凭引用宣称 UI/JIDE 完整接入，详见主报告。"
"sync","1","8","set_custom_certificate","true","同步方法","设置自定义证书","1","entry/src/main/ets/backend/同步服务.ts:149","仅封装无调用","G18","自定义服务器有 UI，私有 CA 证书配置/恢复流程未接。"
"collection","3","0","open_collection","true","集合方法","打开","1","entry/src/main/ets/backend/后端会话.ts:124","有生产方法引用","","存在 Service/生产源码中的 RPC 编号引用；不单凭引用宣称 UI/JIDE 完整接入，详见主报告。"
"collection","3","1","close_collection","true","集合方法","关闭","1","entry/src/main/ets/backend/后端会话.ts:157","有生产方法引用","","存在 Service/生产源码中的 RPC 编号引用；不单凭引用宣称 UI/JIDE 完整接入，详见主报告。"
"collection","3","2","create_backup","true","集合方法","创建备份","1","entry/src/main/ets/backend/集合服务.ts:47","有生产方法引用","","存在 Service/生产源码中的 RPC 编号引用；不单凭引用宣称 UI/JIDE 完整接入，详见主报告。"
"collection","3","3","await_backup_completion","true","集合方法","等待备份完成","0","","非独立缺口","","当前 createBackup 编码 wait_for_completion=true；等待已在同一次 RPC 内完成。"
"collection","3","4","latest_progress","true","集合方法","最新进度","2","entry/src/main/ets/backend/ImportProgressService.ts:31; entry/src/main/ets/backend/后端会话.ts:129","已接入","","导入进度/中止与原生扩展使用真实 Core；不是只有编号。"
"collection","3","5","set_wants_abort","true","集合方法","设置中止请求","2","entry/src/main/ets/backend/ImportProgressService.ts:29; entry/src/main/ets/backend/后端会话.ts:129","已接入","","导入进度/中止与原生扩展使用真实 Core；不是只有编号。"
"collection","3","6","check_database","true","集合方法","检查数据库","1","entry/src/main/ets/backend/集合服务.ts:77","有生产方法引用","","存在 Service/生产源码中的 RPC 编号引用；不单凭引用宣称 UI/JIDE 完整接入，详见主报告。"
"collection","3","7","get_undo_status","true","集合方法","获取撤销状态","1","entry/src/main/ets/backend/集合服务.ts:56","有生产方法引用","","存在 Service/生产源码中的 RPC 编号引用；不单凭引用宣称 UI/JIDE 完整接入，详见主报告。"
"collection","3","8","undo","true","集合方法","撤销","1","entry/src/main/ets/backend/集合服务.ts:63","有生产方法引用","","存在 Service/生产源码中的 RPC 编号引用；不单凭引用宣称 UI/JIDE 完整接入，详见主报告。"
"collection","3","9","redo","true","集合方法","重做","1","entry/src/main/ets/backend/集合服务.ts:70","已有原生替代","","原生 collection_history 在锁内比对状态后调用 REDO，首页/浏览器已接；普通 Service 重做封装未直接调用。"
"collection","3","10","add_custom_undo_entry","false","集合方法","","0","","待接入","G03","批量 JIDE 操作未合成一次 Core 撤销；已有普通撤销/重做。"
"collection","3","11","merge_undo_entries","false","集合方法","","0","","待接入","G03","批量 JIDE 操作未合成一次 Core 撤销；已有普通撤销/重做。"
"collection","3","14","set_load_balancer_enabled","false","集合方法","","0","","已有替代","","负担均衡已通过 Preferences 的 JIDE 高级修改接通。"
"collection","3","15","get_custom_colours","false","集合方法","","0","","非本机产品能力","","上游桌面配色板辅助读取；本应用使用 ThemeCatalog/主题存储。"
"cards","5","0","get_card","true","卡片方法","获取卡片","1","entry/src/main/ets/backend/卡片服务.ts:54","有生产方法引用","","存在 Service/生产源码中的 RPC 编号引用；不单凭引用宣称 UI/JIDE 完整接入，详见主报告。"
"cards","5","1","update_cards","true","卡片方法","更新卡片","1","entry/src/main/ets/backend/卡片服务.ts:68","低层封装预留","","当前状态维护使用 SetFlag/SetDeck/调度器等专用操作；未开放任意卡片字段/调度修改。"
"cards","5","2","remove_cards","true","卡片方法","删除卡片","1","entry/src/main/ets/backend/卡片服务.ts:80","有生产方法引用","","存在 Service/生产源码中的 RPC 编号引用；不单凭引用宣称 UI/JIDE 完整接入，详见主报告。"
"cards","5","3","set_deck","true","卡片方法","设置牌组","1","entry/src/main/ets/backend/卡片服务.ts:90","有生产方法引用","","存在 Service/生产源码中的 RPC 编号引用；不单凭引用宣称 UI/JIDE 完整接入，详见主报告。"
"cards","5","4","set_flag","true","卡片方法","设置标志","1","entry/src/main/ets/backend/卡片服务.ts:102","有生产方法引用","","存在 Service/生产源码中的 RPC 编号引用；不单凭引用宣称 UI/JIDE 完整接入，详见主报告。"
"decks","7","0","new_deck","true","牌组方法","新建牌组","1","entry/src/main/ets/backend/牌组服务.ts:68","有生产方法引用","","存在 Service/生产源码中的 RPC 编号引用；不单凭引用宣称 UI/JIDE 完整接入，详见主报告。"
"decks","7","1","add_deck","true","牌组方法","添加牌组","1","entry/src/main/ets/backend/牌组服务.ts:73","有生产方法引用","","存在 Service/生产源码中的 RPC 编号引用；不单凭引用宣称 UI/JIDE 完整接入，详见主报告。"
"decks","7","2","add_deck_legacy","false","牌组方法","","0","","已有替代","","已有 NewDeck/AddDeck/DeckTree 及其他现代牌组入口，不需要重复旧 JSON 接口。"
"decks","7","3","add_or_update_deck_legacy","false","牌组方法","","0","","已有替代","","已有 NewDeck/AddDeck/DeckTree 及其他现代牌组入口，不需要重复旧 JSON 接口。"
"decks","7","4","deck_tree","true","牌组方法","牌组树","1","entry/src/main/ets/backend/牌组服务.ts:57","有生产方法引用","","存在 Service/生产源码中的 RPC 编号引用；不单凭引用宣称 UI/JIDE 完整接入，详见主报告。"
"decks","7","5","deck_tree_legacy","false","牌组方法","","0","","已有替代","","已有 NewDeck/AddDeck/DeckTree 及其他现代牌组入口，不需要重复旧 JSON 接口。"
"decks","7","6","get_all_decks_legacy","true","牌组方法","getAllDecksLegacy","1","entry/src/main/ets/backend/FsrsService.ts:13","有生产方法引用","","存在 Service/生产源码中的 RPC 编号引用；不单凭引用宣称 UI/JIDE 完整接入，详见主报告。"
"decks","7","7","get_deck_id_by_name","false","牌组方法","","0","","已有替代","","已有 DeckTree/应用牌组发现，能够查名称、ID 与子层级。"
"decks","7","8","get_deck","false","牌组方法","","0","","部分接入","G05","普通牌组说明等读写未接；牌组选项的 currentDeck 限额保存已有独立路径。"
"decks","7","9","update_deck","false","牌组方法","","0","","部分接入","G05","普通牌组说明等读写未接；牌组选项的 currentDeck 限额保存已有独立路径。"
"decks","7","10","update_deck_legacy","false","牌组方法","","0","","部分接入","G05","普通牌组说明等读写未接；牌组选项的 currentDeck 限额保存已有独立路径。"
"decks","7","11","set_deck_collapsed","false","牌组方法","","0","","本机设计差异","","首页展开由本机 HomeDeckExpansion 存储，未用该 Core 写入同步展开状态；不是没有折叠功能。"
"decks","7","12","get_deck_legacy","false","牌组方法","","0","","已有替代","","已有 NewDeck/AddDeck/DeckTree 及其他现代牌组入口，不需要重复旧 JSON 接口。"
"decks","7","13","get_deck_names","true","牌组方法","获取牌组名","0","","已有替代","","已有 DeckTree/应用牌组发现，能够查名称、ID 与子层级。"
"decks","7","14","get_deck_and_child_names","false","牌组方法","","0","","已有替代","","已有 DeckTree/应用牌组发现，能够查名称、ID 与子层级。"
"decks","7","15","new_deck_legacy","false","牌组方法","","0","","已有替代","","已有 NewDeck/AddDeck/DeckTree 及其他现代牌组入口，不需要重复旧 JSON 接口。"
"decks","7","16","remove_decks","true","牌组方法","删除牌组","1","entry/src/main/ets/backend/牌组服务.ts:104","有生产方法引用","","存在 Service/生产源码中的 RPC 编号引用；不单凭引用宣称 UI/JIDE 完整接入，详见主报告。"
"decks","7","17","reparent_decks","true","牌组方法","调整牌组父级","1","entry/src/main/ets/backend/牌组服务.ts:79","有生产方法引用","","存在 Service/生产源码中的 RPC 编号引用；不单凭引用宣称 UI/JIDE 完整接入，详见主报告。"
"decks","7","18","rename_deck","true","牌组方法","重命名牌组","1","entry/src/main/ets/backend/牌组服务.ts:88","仅封装无调用","G04","生产改名为本机别名；真实 Core 改名未接。"
"decks","7","19","get_or_create_filtered_deck","true","牌组方法","获取或创建过滤牌组","1","entry/src/main/ets/backend/牌组服务.ts:115","有生产方法引用","","存在 Service/生产源码中的 RPC 编号引用；不单凭引用宣称 UI/JIDE 完整接入，详见主报告。"
"decks","7","20","add_or_update_filtered_deck","true","牌组方法","添加或更新过滤牌组","1","entry/src/main/ets/backend/牌组服务.ts:126","有生产方法引用","","存在 Service/生产源码中的 RPC 编号引用；不单凭引用宣称 UI/JIDE 完整接入，详见主报告。"
"decks","7","21","filtered_deck_order_labels","true","牌组方法","过滤牌组排序标签","1","entry/src/main/ets/backend/牌组服务.ts:136","已有替代","","筛选创建面板使用本机资源标签；没有调用 Core 标签文案 RPC。"
"decks","7","22","set_current_deck","true","牌组方法","设置当前牌组","1","entry/src/main/ets/backend/调度器服务.ts:284","有生产方法引用","","存在 Service/生产源码中的 RPC 编号引用；不单凭引用宣称 UI/JIDE 完整接入，详见主报告。"
"decks","7","23","get_current_deck","true","牌组方法","获取当前牌组","0","","已有替代","","学习请求明确带 deckId 并设置当前牌组，页面持有选中牌组；读取接口只是预留。"
"config","9","0","get_config_json","true","配置方法","获取配置JSON","1","entry/src/main/ets/backend/配置服务.ts:70","已有替代","","当前获取个别配置主要先 GetAllConfig，保存仍用 SetConfigJson；封装本身没有生产调用者。"
"config","9","1","set_config_json","true","配置方法","设置配置JSON","1","entry/src/main/ets/backend/配置服务.ts:86","有生产方法引用","","存在 Service/生产源码中的 RPC 编号引用；不单凭引用宣称 UI/JIDE 完整接入，详见主报告。"
"config","9","2","set_config_json_no_undo","true","配置方法","设置配置JSON不入撤销栈","0","","已有替代","","SetConfigJsonRequest 已有 undoable=false 路径，例如保存搜索；独立不入撤销栈方法仅预留编号。"
"config","9","3","remove_config","true","配置方法","移除配置","0","","底层辅助","","配置删除接口仅预留编号；保存搜索等已有对象级增删改，不开放任意配置 key 删除。"
"config","9","4","get_all_config","true","配置方法","获取全部配置","1","entry/src/main/ets/backend/配置服务.ts:76","有生产方法引用","","存在 Service/生产源码中的 RPC 编号引用；不单凭引用宣称 UI/JIDE 完整接入，详见主报告。"
"config","9","5","get_config_bool","true","配置方法","获取配置布尔","1","entry/src/main/ets/backend/配置服务.ts:98","有生产方法引用","","存在 Service/生产源码中的 RPC 编号引用；不单凭引用宣称 UI/JIDE 完整接入，详见主报告。"
"config","9","6","set_config_bool","true","配置方法","设置配置布尔","1","entry/src/main/ets/backend/配置服务.ts:109","有生产方法引用","","存在 Service/生产源码中的 RPC 编号引用；不单凭引用宣称 UI/JIDE 完整接入，详见主报告。"
"config","9","7","get_config_string","true","配置方法","获取配置字符串","0","","底层辅助/部分偏好缺口","G07","专门配置字符串接口仅预留编号；default_search_text 等具体偏好缺口见 G07，不需要通用 key 权限。"
"config","9","8","set_config_string","true","配置方法","设置配置字符串","0","","底层辅助/部分偏好缺口","G07","专门配置字符串接口仅预留编号；default_search_text 等具体偏好缺口见 G07，不需要通用 key 权限。"
"config","9","9","get_preferences","true","配置方法","获取偏好","1","entry/src/main/ets/backend/配置服务.ts:55","有生产方法引用","","存在 Service/生产源码中的 RPC 编号引用；不单凭引用宣称 UI/JIDE 完整接入，详见主报告。"
"config","9","10","set_preferences","true","配置方法","设置偏好","1","entry/src/main/ets/backend/配置服务.ts:59","有生产方法引用","","存在 Service/生产源码中的 RPC 编号引用；不单凭引用宣称 UI/JIDE 完整接入，详见主报告。"
"deck_config","11","0","add_or_update_deck_config_legacy","false","牌组配置方法","","0","","已有替代","","完整预设管理通过 GetDeckConfigsForUpdate/UpdateDeckConfigs 接入，不需要逐个旧接口。"
"deck_config","11","1","get_deck_config","true","牌组配置方法","获取牌组配置","0","","已有替代","","完整预设管理通过 GetDeckConfigsForUpdate/UpdateDeckConfigs 接入，不需要逐个旧接口。"
"deck_config","11","2","all_deck_config_legacy","false","牌组配置方法","","0","","已有替代","","完整预设管理通过 GetDeckConfigsForUpdate/UpdateDeckConfigs 接入，不需要逐个旧接口。"
"deck_config","11","3","get_deck_config_legacy","false","牌组配置方法","","0","","已有替代","","完整预设管理通过 GetDeckConfigsForUpdate/UpdateDeckConfigs 接入，不需要逐个旧接口。"
"deck_config","11","4","new_deck_config_legacy","false","牌组配置方法","","0","","已有替代","","完整预设管理通过 GetDeckConfigsForUpdate/UpdateDeckConfigs 接入，不需要逐个旧接口。"
"deck_config","11","5","remove_deck_config","false","牌组配置方法","","0","","已有替代","","完整预设管理通过 GetDeckConfigsForUpdate/UpdateDeckConfigs 接入，不需要逐个旧接口。"
"deck_config","11","6","get_deck_configs_for_update","true","牌组配置方法","获取牌组配置编辑视图","1","entry/src/main/ets/backend/牌组配置服务.ts:49","有生产方法引用","","存在 Service/生产源码中的 RPC 编号引用；不单凭引用宣称 UI/JIDE 完整接入，详见主报告。"
"deck_config","11","7","update_deck_configs","true","牌组配置方法","更新牌组配置","1","entry/src/main/ets/backend/牌组配置服务.ts:61","有生产方法引用","","存在 Service/生产源码中的 RPC 编号引用；不单凭引用宣称 UI/JIDE 完整接入，详见主报告。"
"deck_config","11","8","get_ignored_before_count","false","牌组配置方法","","0","","待接入","G11","FSRS 忽略历史日期已有；included/total 预览计数未接。"
"deck_config","11","9","get_retention_workload","false","牌组配置方法","","0","","已有相关替代","G09","没有直接封装此 RPC；已用 SimulateFsrsWorkload 提供总负担/保持率比较，不能判为负担功能全无。"
"scheduler","13","0","compute_fsrs_params_from_items","false","调度器方法","","0","","研发辅助","","显式历史项目、benchmark、数据集导出辅助入口，正常集合优化已有；按研发需要决定。"
"scheduler","13","1","fsrs_benchmark","false","调度器方法","","0","","研发辅助","","显式历史项目、benchmark、数据集导出辅助入口，正常集合优化已有；按研发需要决定。"
"scheduler","13","2","export_dataset","false","调度器方法","","0","","研发辅助","","显式历史项目、benchmark、数据集导出辅助入口，正常集合优化已有；按研发需要决定。"
"scheduler","13","3","get_queued_cards","true","调度器方法","获取队首卡片","1","entry/src/main/ets/backend/调度器服务.ts:87","有生产方法引用","","存在 Service/生产源码中的 RPC 编号引用；不单凭引用宣称 UI/JIDE 完整接入，详见主报告。"
"scheduler","13","4","answer_card","true","调度器方法","提交评分","1","entry/src/main/ets/backend/调度器服务.ts:109","有生产方法引用","","存在 Service/生产源码中的 RPC 编号引用；不单凭引用宣称 UI/JIDE 完整接入，详见主报告。"
"scheduler","13","5","sched_timing_today","true","调度器方法","今日计时","1","entry/src/main/ets/backend/调度器服务.ts:115","已有相关替代","","本机首页/学习主要通过队列、DeckTree/Graphs 等获取时序/数量；两处独立封装没有上层调用，不等于无今日计数。"
"scheduler","13","6","studied_today","false","调度器方法","","0","","已有替代","","当前今日统计来自 Graphs，应用自行本地化显示；未接上游格式化文案接口。"
"scheduler","13","7","studied_today_message","false","调度器方法","","0","","已有替代","","当前今日统计来自 Graphs，应用自行本地化显示；未接上游格式化文案接口。"
"scheduler","13","8","update_stats","false","调度器方法","","0","","旧辅助接口","","标准 AnswerCard 由 Core 更新学习统计，不另开客户端直接改统计入口。"
"scheduler","13","9","extend_limits","false","调度器方法","","0","","已有相关替代","","CustomStudy 的增加今日新卡/复习上限已有，不需要仅为 RPC 覆盖率再开接口。"
"scheduler","13","10","counts_for_deck_today","true","调度器方法","牌组今日计数","1","entry/src/main/ets/backend/调度器服务.ts:123","已有相关替代","","本机首页/学习主要通过队列、DeckTree/Graphs 等获取时序/数量；两处独立封装没有上层调用，不等于无今日计数。"
"scheduler","13","11","congrats_info","true","调度器方法","完成页信息","1","entry/src/main/ets/backend/调度器服务.ts:180","有生产方法引用","","存在 Service/生产源码中的 RPC 编号引用；不单凭引用宣称 UI/JIDE 完整接入，详见主报告。"
"scheduler","13","12","restore_buried_and_suspended_cards","true","调度器方法","恢复埋藏与暂停","1","entry/src/main/ets/backend/调度器服务.ts:174","有生产方法引用","","存在 Service/生产源码中的 RPC 编号引用；不单凭引用宣称 UI/JIDE 完整接入，详见主报告。"
"scheduler","13","13","unbury_deck","true","调度器方法","按牌组恢复埋藏","1","entry/src/main/ets/backend/调度器服务.ts:167","有生产方法引用","","存在 Service/生产源码中的 RPC 编号引用；不单凭引用宣称 UI/JIDE 完整接入，详见主报告。"
"scheduler","13","14","bury_or_suspend_cards","true","调度器方法","埋藏或暂停","3","entry/src/main/ets/backend/调度器服务.ts:135; entry/src/main/ets/backend/调度器服务.ts:146; entry/src/main/ets/backend/调度器服务.ts:156","有生产方法引用","","存在 Service/生产源码中的 RPC 编号引用；不单凭引用宣称 UI/JIDE 完整接入，详见主报告。"
"scheduler","13","15","empty_filtered_deck","true","调度器方法","清空过滤牌组","1","entry/src/main/ets/backend/调度器服务.ts:220","仅封装无调用","G21","没有既有筛选牌组清空/重建业务入口；已有创建和 Core 自动填充。"
"scheduler","13","16","rebuild_filtered_deck","true","调度器方法","重建过滤牌组","1","entry/src/main/ets/backend/调度器服务.ts:230","仅封装无调用","G21","没有既有筛选牌组清空/重建业务入口；已有创建和 Core 自动填充。"
"scheduler","13","17","schedule_cards_as_new","true","调度器方法","scheduleCardsAsNew","1","entry/src/main/ets/backend/调度器服务.ts:70","有生产方法引用","","存在 Service/生产源码中的 RPC 编号引用；不单凭引用宣称 UI/JIDE 完整接入，详见主报告。"
"scheduler","13","18","schedule_cards_as_new_defaults","true","调度器方法","scheduleCardsAsNewDefaults","1","entry/src/main/ets/backend/调度器服务.ts:74","有生产方法引用","","存在 Service/生产源码中的 RPC 编号引用；不单凭引用宣称 UI/JIDE 完整接入，详见主报告。"
"scheduler","13","19","set_due_date","true","调度器方法","设置到期日","1","entry/src/main/ets/backend/调度器服务.ts:245","有生产方法引用","","存在 Service/生产源码中的 RPC 编号引用；不单凭引用宣称 UI/JIDE 完整接入，详见主报告。"
"scheduler","13","20","grade_now","false","调度器方法","","0","","可选高级能力","","未提供在浏览中立即评分/调度入口；学习页正常 AnswerCard 已接，不等于无法评分。"
"scheduler","13","21","sort_cards","true","调度器方法","排序卡片","1","entry/src/main/ets/backend/调度器服务.ts:267","有生产方法引用","","存在 Service/生产源码中的 RPC 编号引用；不单凭引用宣称 UI/JIDE 完整接入，详见主报告。"
"scheduler","13","22","sort_deck","false","调度器方法","","0","","已有相关替代","","SortCards/重新定位已接；直接整牌组快捷重排未单独开放。"
"scheduler","13","23","get_scheduling_states","false","调度器方法","","0","","已有相关替代","G01","队首已带原始 SchedulingStates，Core 正常回答处理调度/leech；独立查询接口未开放。"
"scheduler","13","24","describe_next_states","true","调度器方法","描述下一档状态","1","entry/src/main/ets/backend/调度器服务.ts:98","有生产方法引用","","存在 Service/生产源码中的 RPC 编号引用；不单凭引用宣称 UI/JIDE 完整接入，详见主报告。"
"scheduler","13","25","state_is_leech","false","调度器方法","","0","","已有相关替代","G01","队首已带原始 SchedulingStates，Core 正常回答处理调度/leech；独立查询接口未开放。"
"scheduler","13","26","upgrade_scheduler","false","调度器方法","","0","","按样本确认","","APKG 导入的 Core 内含条件性调度升级；其他旧整库迁移需要样本，不因未登记推断全部不支持。"
"scheduler","13","27","custom_study","true","调度器方法","自定义学习","2","entry/src/main/ets/backend/调度器服务.ts:194; entry/src/main/ets/backend/调度器服务.ts:198","有生产方法引用","","存在 Service/生产源码中的 RPC 编号引用；不单凭引用宣称 UI/JIDE 完整接入，详见主报告。"
"scheduler","13","28","custom_study_defaults","true","调度器方法","自定义学习默认值","1","entry/src/main/ets/backend/调度器服务.ts:209","有生产方法引用","","存在 Service/生产源码中的 RPC 编号引用；不单凭引用宣称 UI/JIDE 完整接入，详见主报告。"
"scheduler","13","29","reposition_defaults","true","调度器方法","重新定位默认值","1","entry/src/main/ets/backend/调度器服务.ts:277","有生产方法引用","","存在 Service/生产源码中的 RPC 编号引用；不单凭引用宣称 UI/JIDE 完整接入，详见主报告。"
"scheduler","13","30","compute_fsrs_params","true","调度器方法","computeFsrsParams","1","entry/src/main/ets/backend/FsrsService.ts:19","有生产方法引用","","存在 Service/生产源码中的 RPC 编号引用；不单凭引用宣称 UI/JIDE 完整接入，详见主报告。"
"scheduler","13","31","get_optimal_retention_parameters","false","调度器方法","","0","","旧产品接口","","旧最低推荐保持率流程未接；正常保持率配置、优化和负担比较已有，不建议仅为覆盖率恢复旧入口。"
"scheduler","13","32","compute_optimal_retention","false","调度器方法","","0","","旧产品接口","","旧最低推荐保持率流程未接；正常保持率配置、优化和负担比较已有，不建议仅为覆盖率恢复旧入口。"
"scheduler","13","33","simulate_fsrs_review","false","调度器方法","","0","","待接入","G09","逐日新卡/复习数、耗时和累计知识模拟未接；已有总负担比较。"
"scheduler","13","34","simulate_fsrs_workload","true","调度器方法","simulateFsrsWorkload","1","entry/src/main/ets/backend/FsrsService.ts:24","有生产方法引用","","存在 Service/生产源码中的 RPC 编号引用；不单凭引用宣称 UI/JIDE 完整接入，详见主报告。"
"scheduler","13","35","evaluate_params","false","调度器方法","","0","","待接入","G08","log loss / RMSE 参数评价没有接通。"
"scheduler","13","36","evaluate_params_legacy","false","调度器方法","","0","","待接入","G08","log loss / RMSE 参数评价没有接通。"
"scheduler","13","37","compute_memory_state","false","调度器方法","","0","","可选诊断","G10","从单卡历史重新计算 state/保持率/decay 未接；已有状态显示、卡片统计及正常评分。"
"scheduler","13","38","fuzz_delta","false","调度器方法","","0","","可选诊断","","随机分散日差的单独解释接口未接；调度随机分散仍由 Core 正常执行。"
"ankidroid","15","0","sched_timing_today_legacy","true","Ankidroid方法","今日计时_旧版","0","","平台/底层辅助","","AnkiDroid 旧时区、任意 SQL、分页和调试接口只预留编号；鸿蒙已有专属会话/搜索路径，不应给 UI/JIDE 通用数据库权限。"
"ankidroid","15","1","local_minutes_west_legacy","true","Ankidroid方法","本地时区偏移_旧版","0","","平台/底层辅助","","AnkiDroid 旧时区、任意 SQL、分页和调试接口只预留编号；鸿蒙已有专属会话/搜索路径，不应给 UI/JIDE 通用数据库权限。"
"ankidroid","15","2","set_page_size","true","Ankidroid方法","设置页大小","0","","平台/底层辅助","","AnkiDroid 旧时区、任意 SQL、分页和调试接口只预留编号；鸿蒙已有专属会话/搜索路径，不应给 UI/JIDE 通用数据库权限。"
"ankidroid","15","3","debug_produce_error","true","Ankidroid方法","调试产生错误","0","","平台/底层辅助","","AnkiDroid 旧时区、任意 SQL、分页和调试接口只预留编号；鸿蒙已有专属会话/搜索路径，不应给 UI/JIDE 通用数据库权限。"
"ankidroid","15","4","run_db_command","true","Ankidroid方法","运行DB命令","0","","平台/底层辅助","","AnkiDroid 旧时区、任意 SQL、分页和调试接口只预留编号；鸿蒙已有专属会话/搜索路径，不应给 UI/JIDE 通用数据库权限。"
"ankidroid","15","5","run_db_command_proto","true","Ankidroid方法","运行DB命令Proto","0","","平台/底层辅助","","AnkiDroid 旧时区、任意 SQL、分页和调试接口只预留编号；鸿蒙已有专属会话/搜索路径，不应给 UI/JIDE 通用数据库权限。"
"ankidroid","15","6","insert_for_id","true","Ankidroid方法","按ID插入","0","","平台/底层辅助","","AnkiDroid 旧时区、任意 SQL、分页和调试接口只预留编号；鸿蒙已有专属会话/搜索路径，不应给 UI/JIDE 通用数据库权限。"
"ankidroid","15","7","run_db_command_for_row_count","true","Ankidroid方法","运行DB命令取行数","0","","平台/底层辅助","","AnkiDroid 旧时区、任意 SQL、分页和调试接口只预留编号；鸿蒙已有专属会话/搜索路径，不应给 UI/JIDE 通用数据库权限。"
"ankidroid","15","8","flush_all_queries","true","Ankidroid方法","清空所有查询","0","","平台/底层辅助","","AnkiDroid 旧时区、任意 SQL、分页和调试接口只预留编号；鸿蒙已有专属会话/搜索路径，不应给 UI/JIDE 通用数据库权限。"
"ankidroid","15","9","flush_query","true","Ankidroid方法","清空查询","0","","平台/底层辅助","","AnkiDroid 旧时区、任意 SQL、分页和调试接口只预留编号；鸿蒙已有专属会话/搜索路径，不应给 UI/JIDE 通用数据库权限。"
"ankidroid","15","10","get_next_result_page","true","Ankidroid方法","取下一页结果","0","","平台/底层辅助","","AnkiDroid 旧时区、任意 SQL、分页和调试接口只预留编号；鸿蒙已有专属会话/搜索路径，不应给 UI/JIDE 通用数据库权限。"
"ankidroid","15","11","get_column_names_from_query","true","Ankidroid方法","从查询取列名","0","","平台/底层辅助","","AnkiDroid 旧时区、任意 SQL、分页和调试接口只预留编号；鸿蒙已有专属会话/搜索路径，不应给 UI/JIDE 通用数据库权限。"
"ankidroid","15","12","get_active_sequence_numbers","true","Ankidroid方法","取激活序列号","0","","平台/底层辅助","","AnkiDroid 旧时区、任意 SQL、分页和调试接口只预留编号；鸿蒙已有专属会话/搜索路径，不应给 UI/JIDE 通用数据库权限。"
"anki_hub","17","0","ankihub_login","true","AnkiHub方法","AnkiHub登录","0","","另行产品能力","","只有编号，未建设 AnkiHub 客户端链路；不属于应自动补齐的普通 Core 集合能力。"
"anki_hub","17","1","ankihub_logout","true","AnkiHub方法","AnkiHub登出","0","","另行产品能力","","只有编号，未建设 AnkiHub 客户端链路；不属于应自动补齐的普通 Core 集合能力。"
"ankiweb","19","0","get_addon_info","true","AnkiWeb方法","获取插件信息","1","entry/src/main/ets/backend/AnkiWeb服务.ts:56","仅封装/非本机渠道","","只有 Service，生产无调用；上游桌面插件/版本服务，不属于普通 AnkiWeb 集合同步缺口。"
"ankiweb","19","1","check_for_update","true","AnkiWeb方法","检查更新","1","entry/src/main/ets/backend/AnkiWeb服务.ts:70","仅封装/非本机渠道","","只有 Service，生产无调用；上游桌面插件/版本服务，不属于普通 AnkiWeb 集合同步缺口。"
"links","21","0","help_page_link","true","链接方法","帮助页链接","1","entry/src/main/ets/backend/链接服务.ts:45","有生产方法引用","","存在 Service/生产源码中的 RPC 编号引用；不单凭引用宣称 UI/JIDE 完整接入，详见主报告。"
"notetypes","23","0","add_notetype","false","笔记类型方法","","0","","已有替代","","当前类型添加/更新使用 Legacy JSON，经 Core 校验、保存和保留未知元数据。"
"notetypes","23","1","update_notetype","false","笔记类型方法","","0","","已有替代","","当前类型添加/更新使用 Legacy JSON，经 Core 校验、保存和保留未知元数据。"
"notetypes","23","2","add_notetype_legacy","true","笔记类型方法","添加笔记类型旧版","1","entry/src/main/ets/backend/笔记类型服务.ts:165","有生产方法引用","","存在 Service/生产源码中的 RPC 编号引用；不单凭引用宣称 UI/JIDE 完整接入，详见主报告。"
"notetypes","23","3","update_notetype_legacy","true","笔记类型方法","更新笔记类型旧版","1","entry/src/main/ets/backend/笔记类型服务.ts:192","有生产方法引用","","存在 Service/生产源码中的 RPC 编号引用；不单凭引用宣称 UI/JIDE 完整接入，详见主报告。"
"notetypes","23","4","add_or_update_notetype","false","笔记类型方法","","0","","已有替代","","当前类型添加/更新使用 Legacy JSON，经 Core 校验、保存和保留未知元数据。"
"notetypes","23","5","get_stock_notetype_legacy","true","笔记类型方法","获取标准笔记类型JSON","1","entry/src/main/ets/backend/笔记类型服务.ts:155","有生产方法引用","","存在 Service/生产源码中的 RPC 编号引用；不单凭引用宣称 UI/JIDE 完整接入，详见主报告。"
"notetypes","23","6","get_notetype","true","笔记类型方法","获取笔记类型","1","entry/src/main/ets/backend/笔记类型服务.ts:101","有生产方法引用","","存在 Service/生产源码中的 RPC 编号引用；不单凭引用宣称 UI/JIDE 完整接入，详见主报告。"
"notetypes","23","7","get_notetype_legacy","true","笔记类型方法","获取笔记类型旧版","1","entry/src/main/ets/backend/笔记类型服务.ts:180","有生产方法引用","","存在 Service/生产源码中的 RPC 编号引用；不单凭引用宣称 UI/JIDE 完整接入，详见主报告。"
"notetypes","23","8","get_notetype_names","true","笔记类型方法","获取笔记类型名列表","1","entry/src/main/ets/backend/笔记类型服务.ts:95","有生产方法引用","","存在 Service/生产源码中的 RPC 编号引用；不单凭引用宣称 UI/JIDE 完整接入，详见主报告。"
"notetypes","23","9","get_notetype_names_and_counts","false","笔记类型方法","","0","","已有相关替代","","名称已有；类型影响范围由笔记/卡片搜索核对。聚合计数接口未直接接，不等于没有影响预览。"
"notetypes","23","10","get_notetype_id_by_name","false","笔记类型方法","","0","","已有替代","","已有类型目录及 GetNotetype 的名称、ID、字段顺序。"
"notetypes","23","11","remove_notetype","true","笔记类型方法","移除笔记类型","1","entry/src/main/ets/backend/笔记类型服务.ts:202","有生产方法引用","","存在 Service/生产源码中的 RPC 编号引用；不单凭引用宣称 UI/JIDE 完整接入，详见主报告。"
"notetypes","23","12","get_aux_notetype_config_key","false","笔记类型方法","","0","","底层辅助","","专门 aux key 接口未接；JIDE 原始类型 JSON 已可读，无独立任意配置读写权限。"
"notetypes","23","13","get_aux_template_config_key","false","笔记类型方法","","0","","底层辅助","","专门 aux key 接口未接；JIDE 原始类型 JSON 已可读，无独立任意配置读写权限。"
"notetypes","23","14","get_change_notetype_info","true","笔记类型方法","获取变更笔记类型信息","1","entry/src/main/ets/backend/笔记类型服务.ts:215","有生产方法引用","","存在 Service/生产源码中的 RPC 编号引用；不单凭引用宣称 UI/JIDE 完整接入，详见主报告。"
"notetypes","23","15","change_notetype","true","笔记类型方法","变更笔记类型","1","entry/src/main/ets/backend/笔记类型服务.ts:232","有生产方法引用","","存在 Service/生产源码中的 RPC 编号引用；不单凭引用宣称 UI/JIDE 完整接入，详见主报告。"
"notetypes","23","16","get_field_names","false","笔记类型方法","","0","","已有替代","","已有类型目录及 GetNotetype 的名称、ID、字段顺序。"
"notetypes","23","17","restore_notetype_to_stock","true","笔记类型方法","restoreNotetypeToStock","1","entry/src/main/ets/backend/笔记类型服务.ts:66","有生产方法引用","","存在 Service/生产源码中的 RPC 编号引用；不单凭引用宣称 UI/JIDE 完整接入，详见主报告。"
"notetypes","23","18","get_cloze_field_ords","true","笔记类型方法","获取填空字段序号","1","entry/src/main/ets/backend/笔记类型服务.ts:127","有生产方法引用","","存在 Service/生产源码中的 RPC 编号引用；不单凭引用宣称 UI/JIDE 完整接入，详见主报告。"
"notes","25","0","new_note","true","笔记方法","新建笔记","1","entry/src/main/ets/backend/笔记服务.ts:111","有生产方法引用","","存在 Service/生产源码中的 RPC 编号引用；不单凭引用宣称 UI/JIDE 完整接入，详见主报告。"
"notes","25","1","add_note","true","笔记方法","添加笔记","1","entry/src/main/ets/backend/笔记服务.ts:165","有生产方法引用","","存在 Service/生产源码中的 RPC 编号引用；不单凭引用宣称 UI/JIDE 完整接入，详见主报告。"
"notes","25","2","add_notes","false","笔记方法","","0","","部分接入","G03","现有逐笔记新增可用；Core 批量新增及一次操作的撤销边界尚未接通。"
"notes","25","3","defaults_for_adding","true","笔记方法","添加默认值","1","entry/src/main/ets/backend/笔记服务.ts:104","有生产方法引用","","存在 Service/生产源码中的 RPC 编号引用；不单凭引用宣称 UI/JIDE 完整接入，详见主报告。"
"notes","25","4","default_deck_for_notetype","false","笔记方法","","0","","已有相关替代","","已有 DefaultsForAdding 和用户/页面确定的生成目标；单独默认牌组接口未接。"
"notes","25","5","update_notes","true","笔记方法","更新笔记","1","entry/src/main/ets/backend/笔记服务.ts:144","有生产方法引用","","存在 Service/生产源码中的 RPC 编号引用；不单凭引用宣称 UI/JIDE 完整接入，详见主报告。"
"notes","25","6","get_note","true","笔记方法","获取笔记","1","entry/src/main/ets/backend/笔记服务.ts:117","有生产方法引用","","存在 Service/生产源码中的 RPC 编号引用；不单凭引用宣称 UI/JIDE 完整接入，详见主报告。"
"notes","25","7","remove_notes","false","笔记方法","","0","","已有相关替代","","Notes 模式/JIDE 删除会展开兄弟卡并走 RemoveCards，由 Core 清理孤立笔记；不是没有删笔记。"
"notes","25","8","cloze_numbers_in_note","true","笔记方法","clozeNumbersInNote","1","entry/src/main/ets/backend/笔记服务.ts:88","有生产方法引用","","存在 Service/生产源码中的 RPC 编号引用；不单凭引用宣称 UI/JIDE 完整接入，详见主报告。"
"notes","25","9","after_note_updates","false","笔记方法","","0","","底层辅助","","正常 UpdateNotes 已由 Core 更新相关字段/卡片；没有直接改 DB 后的补修流程。"
"notes","25","10","field_names_for_notes","false","笔记方法","","0","","已有替代","","已有笔记类型、GetNotetype 字段列表与 GetSingleNotetypeOfNotes。"
"notes","25","11","note_fields_check","true","笔记方法","笔记字段校验","1","entry/src/main/ets/backend/笔记服务.ts:159","有生产方法引用","","存在 Service/生产源码中的 RPC 编号引用；不单凭引用宣称 UI/JIDE 完整接入，详见主报告。"
"notes","25","12","cards_of_note","true","笔记方法","某笔记的卡片","1","entry/src/main/ets/backend/笔记服务.ts:124","有生产方法引用","","存在 Service/生产源码中的 RPC 编号引用；不单凭引用宣称 UI/JIDE 完整接入，详见主报告。"
"notes","25","13","get_single_notetype_of_notes","true","笔记方法","笔记的唯一笔记类型","1","entry/src/main/ets/backend/笔记服务.ts:131","有生产方法引用","","存在 Service/生产源码中的 RPC 编号引用；不单凭引用宣称 UI/JIDE 完整接入，详见主报告。"
"card_rendering","27","0","strip_html","false","卡片渲染方法","","0","","已有相关替代","","Core 渲染/搜索/查重路径或本机展示工具承担对应任务；独立纯文本处理 RPC 未开放。"
"card_rendering","27","1","all_tts_voices","false","卡片渲染方法","","0","","平台替代","","TTS 已使用 HarmonyOS TTS播放器；未接上游桌面 TTS backend。"
"card_rendering","27","2","write_tts_stream","false","卡片渲染方法","","0","","平台替代","","TTS 已使用 HarmonyOS TTS播放器；未接上游桌面 TTS backend。"
"card_rendering","27","3","extract_av_tags","true","卡片渲染方法","提取音视频标签","1","entry/src/main/ets/backend/卡片渲染服务.ts:113","有生产方法引用","","存在 Service/生产源码中的 RPC 编号引用；不单凭引用宣称 UI/JIDE 完整接入，详见主报告。"
"card_rendering","27","4","extract_latex","true","卡片渲染方法","extractLatex","1","entry/src/main/ets/backend/卡片渲染服务.ts:87","有生产方法引用","","存在 Service/生产源码中的 RPC 编号引用；不单凭引用宣称 UI/JIDE 完整接入，详见主报告。"
"card_rendering","27","5","get_empty_cards","true","卡片渲染方法","获取空卡","1","entry/src/main/ets/backend/卡片渲染服务.ts:105","有生产方法引用","","存在 Service/生产源码中的 RPC 编号引用；不单凭引用宣称 UI/JIDE 完整接入，详见主报告。"
"card_rendering","27","6","render_existing_card","true","卡片渲染方法","渲染既有卡片","1","entry/src/main/ets/backend/卡片渲染服务.ts:68","有生产方法引用","","存在 Service/生产源码中的 RPC 编号引用；不单凭引用宣称 UI/JIDE 完整接入，详见主报告。"
"card_rendering","27","7","render_uncommitted_card","false","卡片渲染方法","","0","","已有替代","G12","未保存笔记/模板预览使用 RenderUncommittedCardLegacy；通用字段结构草稿渲染仍受限。"
"card_rendering","27","8","render_uncommitted_card_legacy","true","卡片渲染方法","renderUncommittedCardLegacy","1","entry/src/main/ets/backend/卡片渲染服务.ts:51","有生产方法引用","","存在 Service/生产源码中的 RPC 编号引用；不单凭引用宣称 UI/JIDE 完整接入，详见主报告。"
"card_rendering","27","9","strip_av_tags","false","卡片渲染方法","","0","","已有相关替代","","Core 渲染/搜索/查重路径或本机展示工具承担对应任务；独立纯文本处理 RPC 未开放。"
"card_rendering","27","10","render_markdown","false","卡片渲染方法","","0","","可选渲染工具","","Core Markdown 转 HTML RPC 未开放；本机 JIDE/卡片已有各自渲染，不能据此说全部 Markdown 不可用。"
"card_rendering","27","11","encode_iri_paths","false","卡片渲染方法","","0","","平台相关替代","","本机媒体域名与资源适配使用 URI 编解码；上游独立 IRI RPC 未接，特殊路径兼容需样本验证。"
"card_rendering","27","12","decode_iri_paths","false","卡片渲染方法","","0","","平台相关替代","","本机媒体域名与资源适配使用 URI 编解码；上游独立 IRI RPC 未接，特殊路径兼容需样本验证。"
"card_rendering","27","14","html_to_text_line","false","卡片渲染方法","","0","","已有相关替代","","Core 渲染/搜索/查重路径或本机展示工具承担对应任务；独立纯文本处理 RPC 未开放。"
"card_rendering","27","15","compare_answer","false","卡片渲染方法","","0","","已有相关替代","","已有本机拼写比较及填空提取；没有直接用这两个 RPC，等价边界需专门样本，不算全无功能。"
"card_rendering","27","16","extract_cloze_for_typing","false","卡片渲染方法","","0","","已有相关替代","","已有本机拼写比较及填空提取；没有直接用这两个 RPC，等价边界需专门样本，不算全无功能。"
"search","29","0","build_search_string","true","搜索方法","构建搜索串","1","entry/src/main/ets/backend/搜索服务.ts:71","有生产方法引用","","存在 Service/生产源码中的 RPC 编号引用；不单凭引用宣称 UI/JIDE 完整接入，详见主报告。"
"search","29","1","search_cards","true","搜索方法","搜索卡片","1","entry/src/main/ets/backend/搜索服务.ts:82","有生产方法引用","","存在 Service/生产源码中的 RPC 编号引用；不单凭引用宣称 UI/JIDE 完整接入，详见主报告。"
"search","29","2","search_notes","true","搜索方法","搜索笔记","1","entry/src/main/ets/backend/搜索服务.ts:93","有生产方法引用","","存在 Service/生产源码中的 RPC 编号引用；不单凭引用宣称 UI/JIDE 完整接入，详见主报告。"
"search","29","3","join_search_nodes","true","搜索方法","连接搜索节点","1","entry/src/main/ets/backend/搜索服务.ts:105","已有相关替代","","当前构造 SearchNode 分组后 BuildSearchString；两个独立封装无上层调用。"
"search","29","4","replace_search_node","true","搜索方法","替换搜索节点","1","entry/src/main/ets/backend/搜索服务.ts:117","已有相关替代","","当前构造 SearchNode 分组后 BuildSearchString；两个独立封装无上层调用。"
"search","29","5","find_and_replace","true","搜索方法","查找并替换","1","entry/src/main/ets/backend/搜索服务.ts:128","有生产方法引用","","存在 Service/生产源码中的 RPC 编号引用；不单凭引用宣称 UI/JIDE 完整接入，详见主报告。"
"search","29","6","all_browser_columns","true","搜索方法","全部浏览器列","1","entry/src/main/ets/backend/搜索服务.ts:140","有生产方法引用","","存在 Service/生产源码中的 RPC 编号引用；不单凭引用宣称 UI/JIDE 完整接入，详见主报告。"
"search","29","7","browser_row_for_id","true","搜索方法","浏览器行按ID","1","entry/src/main/ets/backend/搜索服务.ts:152","有生产方法引用","","存在 Service/生产源码中的 RPC 编号引用；不单凭引用宣称 UI/JIDE 完整接入，详见主报告。"
"search","29","8","set_active_browser_columns","true","搜索方法","设置激活浏览器列","1","entry/src/main/ets/backend/搜索服务.ts:163","有生产方法引用","","存在 Service/生产源码中的 RPC 编号引用；不单凭引用宣称 UI/JIDE 完整接入，详见主报告。"
"github","33","0","get_latest_release","true","Github方法","获取最新发行版","0","","非本机更新渠道","","上游 Anki 桌面版本发现/下载安装未接；不应拿来更新鸿蒙应用。"
"github","33","1","download_release","true","Github方法","下载发行版","0","","非本机更新渠道","","上游 Anki 桌面版本发现/下载安装未接；不应拿来更新鸿蒙应用。"
"i18n","35","0","translate_string","true","国际化方法","翻译字符串","0","","平台替代","","应用使用 ArkUI 中英文资源及本机格式化；Core 自身错误/描述仍有内部国际化。"
"i18n","35","1","format_timespan","true","国际化方法","格式化时间跨度","0","","平台替代","","应用使用 ArkUI 中英文资源及本机格式化；Core 自身错误/描述仍有内部国际化。"
"i18n","35","2","i18n_resources","true","国际化方法","国际化资源","0","","平台替代","","应用使用 ArkUI 中英文资源及本机格式化；Core 自身错误/描述仍有内部国际化。"
"image_occlusion","37","0","get_image_for_occlusion","true","图片遮罩方法","获取遮罩用图片","1","entry/src/main/ets/backend/图片遮罩服务.ts:83","已有替代","","当前选图/读取/草稿经本机媒体与通用 Note 创建/更新保存，保留遮罩身份和调度；不是遮罩未实现。"
"image_occlusion","37","1","get_image_occlusion_note","true","图片遮罩方法","获取图片遮罩笔记","1","entry/src/main/ets/backend/图片遮罩服务.ts:95","已有替代","","当前选图/读取/草稿经本机媒体与通用 Note 创建/更新保存，保留遮罩身份和调度；不是遮罩未实现。"
"image_occlusion","37","2","get_image_occlusion_fields","true","图片遮罩方法","获取图片遮罩字段","1","entry/src/main/ets/backend/图片遮罩服务.ts:102","有生产方法引用","","存在 Service/生产源码中的 RPC 编号引用；不单凭引用宣称 UI/JIDE 完整接入，详见主报告。"
"image_occlusion","37","3","add_image_occlusion_notetype","true","图片遮罩方法","添加图片遮罩笔记类型","1","entry/src/main/ets/backend/图片遮罩服务.ts:115","有生产方法引用","","存在 Service/生产源码中的 RPC 编号引用；不单凭引用宣称 UI/JIDE 完整接入，详见主报告。"
"image_occlusion","37","4","add_image_occlusion_note","true","图片遮罩方法","添加图片遮罩笔记","1","entry/src/main/ets/backend/图片遮罩服务.ts:127","已有替代","","当前选图/读取/草稿经本机媒体与通用 Note 创建/更新保存，保留遮罩身份和调度；不是遮罩未实现。"
"image_occlusion","37","5","update_image_occlusion_note","true","图片遮罩方法","更新图片遮罩笔记","1","entry/src/main/ets/backend/图片遮罩服务.ts:140","已有替代","","当前选图/读取/草稿经本机媒体与通用 Note 创建/更新保存，保留遮罩身份和调度；不是遮罩未实现。"
"import_export","39","0","import_collection_package","true","导入导出方法","导入集合包","1","entry/src/main/ets/backend/数据迁移服务.ts:308","有生产方法引用","","存在 Service/生产源码中的 RPC 编号引用；不单凭引用宣称 UI/JIDE 完整接入，详见主报告。"
"import_export","39","1","export_collection_package","true","导入导出方法","导出集合包","1","entry/src/main/ets/backend/数据迁移服务.ts:156","有生产方法引用","","存在 Service/生产源码中的 RPC 编号引用；不单凭引用宣称 UI/JIDE 完整接入，详见主报告。"
"import_export","39","2","import_anki_package","true","导入导出方法","导入Anki包","1","entry/src/main/ets/backend/数据迁移服务.ts:267","有生产方法引用","","存在 Service/生产源码中的 RPC 编号引用；不单凭引用宣称 UI/JIDE 完整接入，详见主报告。"
"import_export","39","3","get_import_anki_package_presets","false","导入导出方法","","0","","待接入","G16","已有全部导入选项；未从 Core 读取上次保存的默认值。"
"import_export","39","4","export_anki_package","true","导入导出方法","导出Anki包","2","entry/src/main/ets/backend/数据迁移服务.ts:104; entry/src/main/ets/backend/数据迁移服务.ts:139","有生产方法引用","","存在 Service/生产源码中的 RPC 编号引用；不单凭引用宣称 UI/JIDE 完整接入，详见主报告。"
"import_export","39","5","get_csv_metadata","true","导入导出方法","获取CSV元数据","1","entry/src/main/ets/backend/AnkiDataTransfer.ets:58","有生产方法引用","","存在 Service/生产源码中的 RPC 编号引用；不单凭引用宣称 UI/JIDE 完整接入，详见主报告。"
"import_export","39","6","import_csv","true","导入导出方法","导入CSV","1","entry/src/main/ets/backend/AnkiDataTransfer.ets:72","有生产方法引用","","存在 Service/生产源码中的 RPC 编号引用；不单凭引用宣称 UI/JIDE 完整接入，详见主报告。"
"import_export","39","7","export_note_csv","true","导入导出方法","exportNoteCsv","2","entry/src/main/ets/backend/数据迁移服务.ts:119; entry/src/main/ets/backend/数据迁移服务.ts:140","有生产方法引用","","存在 Service/生产源码中的 RPC 编号引用；不单凭引用宣称 UI/JIDE 完整接入，详见主报告。"
"import_export","39","8","export_card_csv","true","导入导出方法","exportCardCsv","2","entry/src/main/ets/backend/数据迁移服务.ts:119; entry/src/main/ets/backend/数据迁移服务.ts:140","有生产方法引用","","存在 Service/生产源码中的 RPC 编号引用；不单凭引用宣称 UI/JIDE 完整接入，详见主报告。"
"import_export","39","9","import_json_file","false","导入导出方法","","0","","可选渠道","G20","未建设 Core JSON 格式导入；现有包/CSV/文本导入和 JIDE 制卡可用。"
"import_export","39","10","import_json_string","false","导入导出方法","","0","","可选渠道","G20","未建设 Core JSON 格式导入；现有包/CSV/文本导入和 JIDE 制卡可用。"
"media","41","0","check_media","true","媒体方法","检查媒体","1","entry/src/main/ets/backend/媒体服务.ts:142","有生产方法引用","","存在 Service/生产源码中的 RPC 编号引用；不单凭引用宣称 UI/JIDE 完整接入，详见主报告。"
"media","41","1","add_media_file","true","媒体方法","添加媒体文件","1","entry/src/main/ets/backend/媒体服务.ts:131","有生产方法引用","","存在 Service/生产源码中的 RPC 编号引用；不单凭引用宣称 UI/JIDE 完整接入，详见主报告。"
"media","41","2","trash_media_files","true","媒体方法","媒体文件进回收站","1","entry/src/main/ets/backend/媒体服务.ts:153","有生产方法引用","","存在 Service/生产源码中的 RPC 编号引用；不单凭引用宣称 UI/JIDE 完整接入，详见主报告。"
"media","41","3","empty_trash","true","媒体方法","清空回收站","1","entry/src/main/ets/backend/媒体服务.ts:164","有生产方法引用","","存在 Service/生产源码中的 RPC 编号引用；不单凭引用宣称 UI/JIDE 完整接入，详见主报告。"
"media","41","4","restore_trash","true","媒体方法","恢复回收站","1","entry/src/main/ets/backend/媒体服务.ts:173","有生产方法引用","","存在 Service/生产源码中的 RPC 编号引用；不单凭引用宣称 UI/JIDE 完整接入，详见主报告。"
"media","41","5","extract_static_media_files","true","媒体方法","提取静态媒体文件","1","entry/src/main/ets/backend/媒体服务.ts:183","低层封装预留","","未找到此封装的生产调用；正常 APKG/COLPKG 媒体导出交由 Core 处理，没有单独模板静态媒体清单工具。"
"stats","43","0","card_stats","true","统计方法","卡片统计","1","entry/src/main/ets/backend/统计服务.ts:66","有生产方法引用","","存在 Service/生产源码中的 RPC 编号引用；不单凭引用宣称 UI/JIDE 完整接入，详见主报告。"
"stats","43","1","get_review_logs","true","统计方法","获取复习日志","0","","已有替代","","CardStats 响应含 revlog，卡片信息和 JIDE get_card_statistics 已展示历史。"
"stats","43","2","graphs","true","统计方法","图表","1","entry/src/main/ets/backend/统计服务.ts:55","有生产方法引用","","存在 Service/生产源码中的 RPC 编号引用；不单凭引用宣称 UI/JIDE 完整接入，详见主报告。"
"stats","43","3","get_graph_preferences","true","统计方法","获取图表偏好","1","entry/src/main/ets/backend/统计服务.ts:78","有生产方法引用","","存在 Service/生产源码中的 RPC 编号引用；不单凭引用宣称 UI/JIDE 完整接入，详见主报告。"
"stats","43","4","set_graph_preferences","true","统计方法","设置图表偏好","1","entry/src/main/ets/backend/统计服务.ts:90","有生产方法引用","","存在 Service/生产源码中的 RPC 编号引用；不单凭引用宣称 UI/JIDE 完整接入，详见主报告。"
"tags","45","0","clear_unused_tags","true","标签方法","清除未用标签","1","entry/src/main/ets/backend/标签服务.ts:97","有生产方法引用","","存在 Service/生产源码中的 RPC 编号引用；不单凭引用宣称 UI/JIDE 完整接入，详见主报告。"
"tags","45","1","all_tags","true","标签方法","全部标签","0","","已有替代","","已有 TagTree 和 JIDE list_tags，不需要另一份扁平读取。"
"tags","45","2","remove_tags","true","标签方法","移除标签","1","entry/src/main/ets/backend/标签服务.ts:108","有生产方法引用","","存在 Service/生产源码中的 RPC 编号引用；不单凭引用宣称 UI/JIDE 完整接入，详见主报告。"
"tags","45","3","set_tag_collapsed","true","标签方法","设置标签折叠","1","entry/src/main/ets/backend/标签服务.ts:87","有生产方法引用","","存在 Service/生产源码中的 RPC 编号引用；不单凭引用宣称 UI/JIDE 完整接入，详见主报告。"
"tags","45","4","tag_tree","true","标签方法","标签树","1","entry/src/main/ets/backend/标签服务.ts:76","有生产方法引用","","存在 Service/生产源码中的 RPC 编号引用；不单凭引用宣称 UI/JIDE 完整接入，详见主报告。"
"tags","45","5","reparent_tags","true","标签方法","重新指定标签父级","0","","入口未单独接入","G15","没有专门父级移动流程；已有 RenameTags 能改完整前缀，不能说标签层级完全无法调整。"
"tags","45","6","rename_tags","true","标签方法","重命名标签","1","entry/src/main/ets/backend/标签服务.ts:119","有生产方法引用","","存在 Service/生产源码中的 RPC 编号引用；不单凭引用宣称 UI/JIDE 完整接入，详见主报告。"
"tags","45","7","add_note_tags","true","标签方法","添加笔记标签","1","entry/src/main/ets/backend/标签服务.ts:155","已有替代","","浏览批量标签使用 UpdateNotes；AddNoteTags 也在原生媒体打标路径调用。"
"tags","45","8","remove_note_tags","true","标签方法","移除笔记标签","1","entry/src/main/ets/backend/标签服务.ts:169","已有替代","","浏览批量标签使用 UpdateNotes；AddNoteTags 也在原生媒体打标路径调用。"
"tags","45","9","find_and_replace_tag","true","标签方法","查找并替换标签","1","entry/src/main/ets/backend/标签服务.ts:130","仅封装无调用","G15","指定 nid 范围、regex/matchCase 标签查找替换未接；已有普通标签维护。"
"tags","45","10","complete_tag","true","标签方法","补全标签","1","entry/src/main/ets/backend/标签服务.ts:141","已有替代","","未调用这个服务封装；当前 TagPicker 在已读标签树上筛选/创建。"
